commentaire;categorie_true
"2;2024-03-22;iOS;App;neg;complexité;collision;0-1 an;tiers;2;moyenne;Pays de la Loire;Téléphone;Je suis déçu";
"7;2024-09-28;Web;Web;neg;photo;collision;10+ ans;jeune_conducteur;1;faible;Bretagne;Email;Je suis déçu";
"8;2024-09-27;Web;App;neg;parcours;bris_de_glace;1-3 ans;tiers;2;faible;Hauts-de-France;App;Je suis déçu";
"14;2024-03-21;Android;App;neg;complexité;vol;3-10 ans;tous_risques;2;forte;Île-de-France;Email;Très mécontent";
"16;2024-03-17;iOS;Web;neg;photo;collision;1-3 ans;jeune_conducteur;1;moyenne;Auvergne-Rhône-Alpes;App;Très mécontent";
"19;2024-10-22;Android;App;neg;parcours;vol;3-10 ans;pro;1;faible;Île-de-France;Téléphone;Je suis déçu on tourne en rond dans les écrans entre les onglets et je perds tout bref je perds un temps fou je vais.";
"39;2024-01-01;iOS;App;neg;photo;collision;3-10 ans;tous_risques;1;faible;Hauts-de-France;Email;Je suis déçu";
"54;2024-09-19;iOS;App;neg;parcours;bris_de_glace;10+ ans;tous_risques;2;faible;Bourgogne-Franche-Comté;App;Je suis déçu";
"56;2024-02-18;Android;App;neg;complexité;bris_de_glace;3-10 ans;tiers;1;faible;Île-de-France;Téléphone;Très mécontent";
"59;2024-06-15;iOS;Web;neg;photo;collision;3-10 ans;tous_risques;2;faible;Occitanie;Web;Très mécontent";
"80;2024-11-22;Android;App;neg;complexité;vol;1-3 ans;tous_risques;2;moyenne;Nouvelle-Aquitaine;Téléphone;Je suis déçu";
"82;2024-09-22;Web;Web;neg;parcours;bris_de_glace;0-1 an;tiers;1;faible;Île-de-France;Email;Très mécontent";
"99;2024-10-25;iOS;Téléphone;neg;photo;collision;1-3 ans;tous_risques;2;moyenne;Auvergne-Rhône-Alpes;App;Très mécontent";
"100;2024-02-05;Web;App;neg;photo;collision;3-10 ans;tous_risques;2;faible;Normandie;Web;Très mécontent";
"101;2024-03-06;iOS;App;neg;photo;collision;3-10 ans;tous_risques;2;moyenne;Auvergne-Rhône-Alpes;App;Je suis déçu";
"103;2024-09-23;Android;App;neg;complexité;incendie;10+ ans;tous_risques;2;moyenne;Île-de-France;App;Très mécontent";
"114;2024-11-20;Android;App;neg;photo;catastrophe_naturelle;1-3 ans;tous_risques;1;faible;Auvergne-Rhône-Alpes;Web;Je suis déçu";
"121;2024-02-19;Android;Web;neg;photo;vol;0-1 an;jeune_conducteur;1;moyenne;Île-de-France;Agence;Très mécontent";
"135;2024-03-08;Android;Web;neg;parcours;collision;3-10 ans;pro;1;faible;Île-de-France;App;Très mécontent";
"138;2024-01-16;Android;App;neg;photo;catastrophe_naturelle;3-10 ans;tous_risques;2;faible;Bretagne;App;Très mécontent";
"139;2024-01-07;Android;App;neg;photo;catastrophe_naturelle;10+ ans;tous_risques;2;faible;Auvergne-Rhône-Alpes;Email;Très mécontent";
"143;2024-10-26;Android;App;neg;photo;collision;1-3 ans;tous_risques;2;faible;Auvergne-Rhône-Alpes;App;Très mécontent";
"149;2024-06-29;Web;Web;neg;photo;catastrophe_naturelle;10+ ans;tous_risques;2;faible;Île-de-France;App;Très mécontent";
"157;2024-10-28;Android;App;neg;parcours;catastrophe_naturelle;3-10 ans;pro;1;faible;Île-de-France;Email;Je suis déçu";
"164;2024-05-09;Android;App;neg;parcours;bris_de_glace;0-1 an;pro;2;moyenne;Grand Est;App;Je suis déçu";
"173;2024-11-07;Android;App;neg;photo;bris_de_glace;1-3 ans;tiers;2;forte;PACA;Web;Je suis déçu";
"174;2024-02-21;Web;Web;neg;complexité;collision;0-1 an;jeune_conducteur;1;moyenne;Nouvelle-Aquitaine;Téléphone;Je suis déçu";
"179;2024-10-20;Android;Téléphone;neg;photo;collision;3-10 ans;tiers;2;faible;Hauts-de-France;Téléphone;Très mécontent";
"184;2024-04-01;iOS;Web;neg;photo;collision;3-10 ans;tous_risques;2;moyenne;Normandie;Web;Je suis déçu";
"185;2024-03-23;Web;Web;neg;photo;vol;1-3 ans;tous_risques;2;moyenne;Île-de-France;Email;Très mécontent";
"187;2024-09-20;Android;App;neg;photo;collision;10+ ans;tiers;2;moyenne;Île-de-France;App;Très mécontent";
"190;2024-06-13;iOS;Téléphone;neg;complexité;bris_de_glace;0-1 an;tiers;1;moyenne;Occitanie;App;Je suis déçu";
"191;2024-02-07;Android;Web;neg;parcours;collision;1-3 ans;tous_risques;2;faible;Île-de-France;Téléphone;Très mécontent";
"198;2024-03-15;iOS;App;neg;photo;collision;0-1 an;tous_risques;1;moyenne;Hauts-de-France;Téléphone;Je suis déçu";
"200;2024-02-09;iOS;App;neg;photo;bris_de_glace;3-10 ans;tous_risques;2;moyenne;PACA;Web;Très mécontent";
"205;2024-12-01;Android;Web;neg;photo;collision;3-10 ans;tiers;2;moyenne;Grand Est;Agence;Très mécontent je ne peux pas joindre les images sur l'étape des justificatifs et je perds tout franchement je perds un temps fou j'espère que.";
"212;2024-09-09;iOS;Web;neg;photo;collision;3-10 ans;tous_risques;2;faible;Centre-Val de Loire;Email;Très mécontent";
"219;2024-03-20;Android;Téléphone;neg;photo;bris_de_glace;1-3 ans;tiers;1;faible;Grand Est;Email;Très mécontent";
"230;2024-04-01;Web;App;neg;photo;bris_de_glace;10+ ans;tous_risques;2;faible;Auvergne-Rhône-Alpes;Téléphone;Je suis déçu";
"249;2024-12-30;Web;Téléphone;neg;photo;bris_de_glace;3-10 ans;tiers;1;faible;PACA;Web;Très mécontent";
"256;2024-08-30;iOS;Web;neg;parcours;incendie;3-10 ans;tiers;2;forte;Île-de-France;Web;Très mécontent";
"260;2024-03-01;Android;App;neg;complexité;bris_de_glace;0-1 an;tous_risques;2;faible;Bourgogne-Franche-Comté;Téléphone;Je suis déçu";
"263;2024-03-28;Android;App;neg;parcours;collision;3-10 ans;tiers;1;moyenne;Hauts-de-France;Web;Très mécontent";
"268;2024-05-27;Web;Web;neg;photo;collision;3-10 ans;tous_risques;2;forte;Île-de-France;App;Très mécontent";
"301;2024-08-15;iOS;App;neg;photo;bris_de_glace;10+ ans;tous_risques;2;faible;Hauts-de-France;App;Très mécontent";
"303;2024-08-29;Android;Web;neg;photo;catastrophe_naturelle;3-10 ans;tiers;2;faible;Centre-Val de Loire;Web;Très mécontent";
"308;2024-12-03;iOS;App;neg;photo;collision;3-10 ans;tous_risques;1;forte;Auvergne-Rhône-Alpes;Email;Je suis déçu";
"310;2024-02-24;Android;App;neg;photo;collision;0-1 an;pro;1;faible;Hauts-de-France;Web;Très mécontent";
"314;2024-04-01;Android;Web;neg;parcours;collision;0-1 an;tous_risques;2;moyenne;Auvergne-Rhône-Alpes;Téléphone;Très mécontent";
"318;2024-07-18;Android;App;neg;parcours;collision;3-10 ans;jeune_conducteur;2;faible;Auvergne-Rhône-Alpes;Agence;Très mécontent";
"322;2024-06-07;Android;Web;neg;parcours;collision;0-1 an;tiers;2;moyenne;Auvergne-Rhône-Alpes;Web;Je suis déçu";
"334;2024-12-02;iOS;App;neg;photo;collision;3-10 ans;tiers;2;faible;Centre-Val de Loire;Email;Très mécontent";
"335;2024-06-27;Android;Téléphone;neg;photo;collision;1-3 ans;jeune_conducteur;1;moyenne;Centre-Val de Loire;Web;Je suis déçu";
"345;2024-09-06;Android;App;neg;parcours;bris_de_glace;1-3 ans;tous_risques;2;faible;Grand Est;Web;Je suis déçu";
"348;2024-04-26;Android;App;neg;photo;collision;0-1 an;jeune_conducteur;2;moyenne;Bretagne;Email;Je suis déçu";
"353;2024-09-23;Web;App;neg;parcours;bris_de_glace;3-10 ans;tiers;1;moyenne;Hauts-de-France;App;Très mécontent";
"356;2024-08-01;Web;App;neg;parcours;collision;3-10 ans;jeune_conducteur;1;moyenne;Occitanie;App;Je suis déçu";
"357;2024-03-19;Android;App;neg;photo;collision;0-1 an;tous_risques;2;faible;Normandie;Email;Je suis déçu";
"371;2024-01-13;iOS;Web;neg;photo;collision;1-3 ans;tiers;1;moyenne;Hauts-de-France;App;Je suis déçu";
"385;2024-01-05;iOS;Web;neg;photo;collision;3-10 ans;tous_risques;2;faible;Île-de-France;Téléphone;Très mécontent";
"388;2024-09-14;iOS;App;neg;complexité;collision;3-10 ans;tous_risques;1;faible;Normandie;Email;Je suis déçu";
"392;2024-05-30;Android;Web;neg;parcours;collision;1-3 ans;tous_risques;1;faible;Île-de-France;Téléphone;Très mécontent";
"403;2024-11-04;iOS;Web;neg;photo;collision;3-10 ans;tous_risques;1;faible;Auvergne-Rhône-Alpes;Web;Très mécontent";
"406;2024-07-12;Android;App;neg;photo;collision;3-10 ans;tiers;2;moyenne;Île-de-France;Web;Très mécontent";
"413;2024-12-05;iOS;App;neg;parcours;collision;0-1 an;pro;1;faible;Occitanie;Web;Très mécontent";
"434;2024-04-23;Android;App;neg;parcours;collision;1-3 ans;tiers;2;moyenne;Auvergne-Rhône-Alpes;Email;Je suis déçu";
"449;2024-03-01;Web;Web;neg;photo;catastrophe_naturelle;1-3 ans;tous_risques;1;faible;Grand Est;App;Je suis déçu";
"450;2024-04-03;Android;App;neg;complexité;collision;3-10 ans;tous_risques;1;faible;Île-de-France;Email;Très mécontent";
"454;2024-02-19;Android;Téléphone;neg;parcours;vol;0-1 an;tous_risques;2;moyenne;Bretagne;App;Je suis déçu";
"456;2024-01-08;Android;Téléphone;neg;complexité;vol;0-1 an;tiers;2;faible;Auvergne-Rhône-Alpes;App;Je suis déçu";
"464;2024-01-08;Android;App;neg;photo;vol;0-1 an;tous_risques;2;faible;Nouvelle-Aquitaine;Téléphone;Je suis déçu";
"481;2024-02-12;Android;Web;neg;parcours;incendie;3-10 ans;tiers;2;faible;Île-de-France;App;Je suis déçu";
"483;2024-01-09;Web;App;neg;parcours;collision;1-3 ans;pro;1;faible;Auvergne-Rhône-Alpes;App;Je suis déçu";
"486;2024-12-18;Android;App;neg;photo;incendie;0-1 an;tiers;2;faible;Île-de-France;Agence;Très mécontent";
"498;2024-10-28;iOS;Web;neg;parcours;collision;1-3 ans;tous_risques;1;faible;Île-de-France;App;Très mécontent";
"501;2024-02-24;iOS;Web;neg;photo;vol;10+ ans;tous_risques;1;moyenne;Île-de-France;Email;Très mécontent";
"504;2024-10-18;Android;Web;neg;photo;collision;3-10 ans;tiers;1;moyenne;Auvergne-Rhône-Alpes;Téléphone;Je suis déçu";
"510;2024-09-26;Web;App;neg;photo;collision;1-3 ans;pro;2;faible;Auvergne-Rhône-Alpes;App;Très mécontent";
"511;2024-04-30;iOS;Web;neg;photo;collision;0-1 an;tiers;2;faible;Bourgogne-Franche-Comté;App;Je suis déçu";
"533;2024-04-11;Web;Web;neg;parcours;collision;0-1 an;tous_risques;2;faible;PACA;Email;Très mécontent";
"543;2024-09-18;Web;App;neg;photo;vol;1-3 ans;tous_risques;2;moyenne;Nouvelle-Aquitaine;Téléphone;Très mécontent";
"546;2024-08-30;iOS;Web;neg;photo;collision;3-10 ans;tous_risques;1;moyenne;Île-de-France;Web;Je suis déçu";
"556;2024-03-06;Android;Téléphone;neg;photo;collision;3-10 ans;jeune_conducteur;2;faible;Nouvelle-Aquitaine;Téléphone;Très mécontent";
"560;2024-09-20;Web;Web;neg;photo;collision;0-1 an;tous_risques;2;faible;Grand Est;App;Je suis déçu je ne peux pas joindre les images pendant la déclaration et je perds tout alors je perds un temps fou j'espère que.";
"561;2024-06-01;iOS;Web;neg;photo;bris_de_glace;1-3 ans;tiers;1;faible;Île-de-France;Web;Très mécontent";
"574;2024-01-15;Web;Web;neg;photo;collision;3-10 ans;jeune_conducteur;2;faible;Normandie;Agence;Très mécontent";
"599;2024-10-05;Android;App;neg;photo;bris_de_glace;1-3 ans;jeune_conducteur;2;faible;Hauts-de-France;Email;Très mécontent";
"603;2024-06-08;iOS;Web;neg;photo;collision;3-10 ans;tous_risques;2;faible;Normandie;Téléphone;Je suis déçu";
"634;2024-03-29;Android;Web;neg;photo;collision;3-10 ans;tiers;2;faible;Auvergne-Rhône-Alpes;Téléphone;Je suis déçu";
"644;2024-08-06;Android;App;neg;photo;incendie;3-10 ans;tiers;1;faible;Île-de-France;App;Je suis déçu";
"666;2024-09-13;iOS;App;neg;photo;bris_de_glace;10+ ans;tous_risques;2;faible;Nouvelle-Aquitaine;Téléphone;Très mécontent";
"674;2024-03-11;Android;App;neg;parcours;collision;10+ ans;tous_risques;2;faible;Centre-Val de Loire;Téléphone;Très mécontent";
"682;2024-01-27;Web;Web;neg;photo;collision;1-3 ans;tiers;1;faible;Pays de la Loire;App;Très mécontent";
"694;2024-07-16;Web;Téléphone;neg;photo;vol;3-10 ans;tiers;2;faible;Nouvelle-Aquitaine;App;Je suis déçu";
"709;2024-04-27;iOS;Web;neg;photo;collision;1-3 ans;jeune_conducteur;1;faible;Occitanie;Agence;Je suis déçu";
"717;2024-09-25;iOS;Téléphone;neg;photo;collision;1-3 ans;jeune_conducteur;1;moyenne;Hauts-de-France;App;Très mécontent";
"724;2024-09-02;Android;Téléphone;neg;photo;collision;1-3 ans;pro;1;faible;PACA;Web;Très mécontent";
"735;2024-12-19;Android;Web;neg;photo;vol;3-10 ans;tous_risques;1;moyenne;Occitanie;Téléphone;Je suis déçu";
"738;2024-04-26;Web;App;neg;photo;collision;3-10 ans;tous_risques;1;moyenne;Île-de-France;App;Très mécontent";
"751;2024-09-27;Web;Web;neg;photo;incendie;10+ ans;tous_risques;1;faible;Auvergne-Rhône-Alpes;Web;Je suis déçu";
"752;2024-01-25;iOS;Agence;neg;photo;collision;3-10 ans;pro;2;forte;Hauts-de-France;App;Très mécontent";
"762;2024-07-02;iOS;App;neg;complexité;collision;3-10 ans;tiers;1;faible;Centre-Val de Loire;Email;Très mécontent";
"785;2024-07-04;iOS;App;neg;photo;bris_de_glace;0-1 an;tiers;1;faible;Pays de la Loire;Téléphone;Je suis déçu je ne peux pas joindre les images au moment de valider malgré plusieurs essais du coup rien n'avance j'espère que ça ira.";
"791;2024-02-11;Web;Téléphone;neg;photo;collision;10+ ans;tiers;1;moyenne;Hauts-de-France;Email;Très mécontent";
"794;2024-09-27;iOS;Téléphone;neg;parcours;bris_de_glace;0-1 an;tous_risques;2;faible;Auvergne-Rhône-Alpes;App;Très mécontent";
"804;2024-12-24;Web;App;neg;photo;collision;0-1 an;pro;1;moyenne;Pays de la Loire;App;Je suis déçu";
"845;2024-05-23;Android;App;neg;complexité;vol;1-3 ans;tous_risques;2;faible;Île-de-France;Web;Je suis déçu";
"851;2024-05-21;iOS;App;neg;photo;collision;10+ ans;tiers;1;moyenne;Île-de-France;App;Je suis déçu";
"867;2024-05-21;Web;Web;neg;photo;bris_de_glace;3-10 ans;jeune_conducteur;1;moyenne;Île-de-France;App;Très mécontent";
"879;2024-10-12;Android;App;neg;complexité;collision;10+ ans;tous_risques;2;faible;Bretagne;Téléphone;Je suis déçu";
"884;2024-04-26;iOS;App;neg;parcours;collision;1-3 ans;tous_risques;1;moyenne;Auvergne-Rhône-Alpes;App;Je suis déçu";
"891;2024-10-29;Android;App;neg;photo;collision;0-1 an;tiers;2;faible;Centre-Val de Loire;Téléphone;Je suis déçu";
"895;2024-09-11;Android;Web;neg;complexité;incendie;0-1 an;jeune_conducteur;2;moyenne;Occitanie;Agence;Je suis déçu";
"908;2024-03-29;Web;Web;neg;photo;collision;1-3 ans;tiers;1;faible;Hauts-de-France;Web;Je suis déçu";
"911;2024-05-10;Web;Web;neg;photo;collision;1-3 ans;tous_risques;1;moyenne;Île-de-France;App;Très mécontent";
"918;2024-01-14;iOS;Web;neg;photo;collision;3-10 ans;tous_risques;1;faible;Hauts-de-France;Email;Je suis déçu";
"933;2024-10-05;Android;App;neg;parcours;vol;0-1 an;jeune_conducteur;1;moyenne;Pays de la Loire;App;Très mécontent";
"934;2024-10-10;Android;Email;neg;photo;catastrophe_naturelle;3-10 ans;jeune_conducteur;1;faible;Île-de-France;App;Je suis déçu";
"941;2024-09-27;Web;App;neg;photo;collision;1-3 ans;tous_risques;2;moyenne;Nouvelle-Aquitaine;App;Je suis déçu";
"946;2024-04-29;Web;Web;neg;photo;collision;3-10 ans;tous_risques;2;forte;Île-de-France;App;Très mécontent";
"947;2024-07-08;Web;Téléphone;neg;parcours;collision;3-10 ans;pro;1;moyenne;Île-de-France;App;Très mécontent";
"951;2024-10-21;Android;Web;neg;complexité;bris_de_glace;10+ ans;pro;2;faible;Bretagne;App;Je suis déçu";
"965;2024-04-14;iOS;App;neg;parcours;incendie;3-10 ans;tous_risques;1;faible;Pays de la Loire;App;Je suis déçu";
"968;2024-10-12;Android;Email;neg;complexité;vol;1-3 ans;tous_risques;1;faible;Île-de-France;App;Très mécontent";
"972;2024-07-02;Web;App;neg;photo;collision;0-1 an;tous_risques;1;moyenne;PACA;Agence;Très mécontent";
"973;2024-01-12;iOS;Téléphone;neg;parcours;vol;0-1 an;tiers;2;faible;Occitanie;Téléphone;Très mécontent";
"986;2024-09-13;Web;App;neg;photo;collision;3-10 ans;tous_risques;1;forte;Nouvelle-Aquitaine;Email;Je suis déçu";
"989;2024-09-11;iOS;Web;neg;parcours;collision;3-10 ans;tiers;2;moyenne;Île-de-France;Agence;Très mécontent";
"995;2024-12-25;iOS;App;neg;photo;collision;3-10 ans;tiers;1;faible;Île-de-France;Email;Je suis déçu";
"1006;2024-10-22;iOS;App;neg;photo;collision;3-10 ans;tiers;1;faible;Normandie;Téléphone;Je suis déçu";
"1012;2024-01-18;iOS;App;neg;complexité;collision;0-1 an;pro;1;faible;Île-de-France;Téléphone;Je suis déçu";
"1035;2024-11-10;Android;App;neg;parcours;collision;3-10 ans;tiers;1;faible;Pays de la Loire;Web;Très mécontent";
"1041;2024-03-13;Web;Web;neg;photo;catastrophe_naturelle;3-10 ans;tiers;1;forte;Centre-Val de Loire;Web;Je suis déçu";
"1062;2024-05-01;Android;App;neg;complexité;bris_de_glace;3-10 ans;tiers;1;faible;Occitanie;App;Très mécontent";
"1069;2024-01-22;Android;Web;neg;photo;catastrophe_naturelle;1-3 ans;jeune_conducteur;2;forte;Grand Est;App;Je suis déçu";
"1072;2024-07-05;Android;App;neg;photo;collision;3-10 ans;tous_risques;1;faible;Pays de la Loire;App;Très mécontent";
"1086;2024-11-22;Android;App;neg;parcours;collision;10+ ans;tous_risques;1;forte;Île-de-France;Web;Je suis déçu";
"1095;2024-08-09;Android;Web;neg;photo;incendie;10+ ans;jeune_conducteur;1;faible;Hauts-de-France;Agence;Très mécontent";
"1106;2024-08-13;iOS;App;neg;photo;collision;3-10 ans;jeune_conducteur;1;faible;PACA;App;Très mécontent";
"1120;2024-04-19;Android;Téléphone;neg;photo;collision;1-3 ans;tous_risques;2;faible;Hauts-de-France;App;Je suis déçu";
"1126;2024-06-19;Android;App;neg;photo;vol;3-10 ans;tous_risques;1;faible;Hauts-de-France;Web;Je suis déçu";
"1131;2024-11-11;iOS;Téléphone;neg;parcours;collision;1-3 ans;tiers;1;faible;Normandie;Web;Je suis déçu";
"1135;2024-04-24;Android;App;neg;photo;collision;0-1 an;tous_risques;1;faible;Pays de la Loire;App;Je suis déçu";
"1139;2024-09-05;Web;Téléphone;neg;complexité;collision;0-1 an;tous_risques;1;moyenne;Normandie;Téléphone;Je suis déçu";
"1155;2024-07-12;Android;App;neg;photo;catastrophe_naturelle;1-3 ans;tous_risques;2;moyenne;Auvergne-Rhône-Alpes;App;Très mécontent";
"1174;2024-12-19;Web;Web;neg;photo;catastrophe_naturelle;3-10 ans;tous_risques;1;faible;Grand Est;App;Je suis déçu";
"1181;2024-02-29;Android;Web;neg;photo;bris_de_glace;3-10 ans;tous_risques;2;faible;Pays de la Loire;App;Je suis déçu";
"1182;2024-04-20;Web;Email;neg;parcours;incendie;3-10 ans;tous_risques;2;faible;Grand Est;Email;Très mécontent";
"1186;2024-04-14;Android;App;neg;photo;collision;0-1 an;tiers;2;moyenne;Occitanie;App;Très mécontent";
"1189;2024-04-11;Web;App;neg;parcours;collision;3-10 ans;tous_risques;1;moyenne;Île-de-France;App;Très mécontent";
"1197;2024-07-17;Android;Web;neg;photo;vol;3-10 ans;pro;2;moyenne;Nouvelle-Aquitaine;App;Je suis déçu";
"1203;2024-07-19;Web;App;neg;photo;bris_de_glace;3-10 ans;tous_risques;2;faible;Occitanie;Web;Très mécontent";
"1213;2024-03-15;iOS;Web;neg;photo;collision;1-3 ans;tous_risques;2;faible;Grand Est;App;Très mécontent";
"1217;2024-06-11;Android;Web;neg;photo;bris_de_glace;3-10 ans;tous_risques;2;moyenne;Île-de-France;App;Je suis déçu";
"1221;2024-11-27;iOS;App;neg;photo;collision;1-3 ans;tous_risques;1;forte;Normandie;Web;Très mécontent";
"1225;2024-03-31;iOS;App;neg;photo;bris_de_glace;0-1 an;tous_risques;1;moyenne;Île-de-France;Téléphone;Très mécontent";
"1249;2024-12-30;iOS;App;neg;parcours;collision;10+ ans;tous_risques;1;moyenne;Pays de la Loire;App;Je suis déçu";
"1260;2024-07-09;iOS;App;neg;parcours;collision;3-10 ans;tous_risques;2;moyenne;PACA;Téléphone;Très mécontent";
"1269;2024-11-10;Web;Web;neg;photo;collision;0-1 an;tous_risques;1;faible;Centre-Val de Loire;Email;Très mécontent";
"1278;2024-02-17;Web;App;neg;photo;bris_de_glace;3-10 ans;tiers;2;faible;Pays de la Loire;App;Très mécontent";
"1281;2024-03-16;Android;App;neg;complexité;collision;1-3 ans;tous_risques;2;moyenne;Île-de-France;Web;Très mécontent";
"1296;2024-09-22;iOS;App;neg;parcours;collision;0-1 an;tiers;2;faible;Île-de-France;App;Je suis déçu";
"1297;2024-05-18;iOS;App;neg;parcours;catastrophe_naturelle;1-3 ans;tous_risques;2;forte;Île-de-France;Téléphone;Très mécontent";
"1304;2024-06-14;Android;App;neg;photo;collision;1-3 ans;tous_risques;1;faible;Occitanie;Téléphone;Je suis déçu";
"1305;2024-02-25;Web;App;neg;photo;bris_de_glace;0-1 an;tous_risques;2;moyenne;Île-de-France;Web;Je suis déçu";
"1328;2024-11-20;Android;App;neg;photo;collision;3-10 ans;jeune_conducteur;2;moyenne;Île-de-France;App;Je suis déçu";
"1345;2024-10-14;iOS;App;neg;parcours;bris_de_glace;3-10 ans;tiers;1;moyenne;PACA;Web;Je suis déçu";
"1348;2024-01-01;iOS;Email;neg;parcours;incendie;1-3 ans;tous_risques;2;faible;Occitanie;App;Très mécontent";
"1361;2024-06-08;Android;App;neg;parcours;collision;0-1 an;pro;2;faible;Auvergne-Rhône-Alpes;Téléphone;Je suis déçu";
"1370;2024-04-12;iOS;Téléphone;neg;parcours;collision;0-1 an;tiers;2;moyenne;Île-de-France;Email;Je suis déçu";
"1379;2024-12-28;iOS;App;neg;photo;collision;3-10 ans;tous_risques;1;moyenne;Normandie;Téléphone;Très mécontent";
"1388;2024-02-20;Android;App;neg;photo;bris_de_glace;1-3 ans;tous_risques;1;faible;PACA;App;Très mécontent";
"1409;2024-02-07;iOS;App;neg;parcours;collision;3-10 ans;jeune_conducteur;1;moyenne;Île-de-France;Email;Je suis déçu";
"1426;2024-10-03;Android;App;neg;photo;collision;3-10 ans;tiers;2;moyenne;Centre-Val de Loire;Email;Je suis déçu";
"1441;2024-07-30;Android;Web;neg;photo;collision;3-10 ans;tiers;1;moyenne;Île-de-France;App;Je suis déçu";
"1450;2024-11-12;iOS;Web;neg;parcours;bris_de_glace;3-10 ans;tous_risques;2;moyenne;Île-de-France;App;Très mécontent";
"1455;2024-11-01;Web;Email;neg;parcours;incendie;0-1 an;tous_risques;1;moyenne;Île-de-France;Web;Très mécontent";
"1456;2024-10-13;Android;App;neg;photo;collision;3-10 ans;tiers;2;faible;Normandie;Web;Très mécontent";
"1464;2024-02-13;Android;Téléphone;neg;parcours;collision;1-3 ans;tous_risques;2;moyenne;Pays de la Loire;Email;Très mécontent";
"1469;2024-05-05;Android;App;neg;complexité;vol;3-10 ans;tous_risques;2;faible;Hauts-de-France;Web;Très mécontent";
"1475;2024-01-18;iOS;Téléphone;neg;photo;collision;0-1 an;tous_risques;2;faible;Auvergne-Rhône-Alpes;Web;Très mécontent";
"1493;2024-09-14;Android;App;neg;photo;collision;3-10 ans;tous_risques;1;faible;Nouvelle-Aquitaine;Téléphone;Je suis déçu";
"1502;2024-07-08;Web;App;neg;photo;collision;3-10 ans;tiers;1;faible;Normandie;Téléphone;Très mécontent";
"1510;2024-03-08;Android;Web;neg;photo;collision;1-3 ans;tiers;2;moyenne;Île-de-France;App;Très mécontent";
"1519;2024-05-18;Web;App;neg;parcours;collision;3-10 ans;tous_risques;2;faible;Pays de la Loire;Email;Très mécontent";
"1528;2024-08-31;iOS;Web;neg;parcours;collision;10+ ans;tiers;2;faible;Grand Est;Web;Très mécontent";
"1543;2024-12-14;Web;Téléphone;neg;photo;bris_de_glace;10+ ans;jeune_conducteur;1;faible;Occitanie;App;Je suis déçu";
"1553;2024-06-15;iOS;App;neg;photo;collision;1-3 ans;tiers;2;faible;Bourgogne-Franche-Comté;Web;Très mécontent";
"1555;2024-05-27;iOS;Web;neg;parcours;bris_de_glace;0-1 an;tiers;2;moyenne;Normandie;Web;Très mécontent";
"1563;2024-03-10;iOS;App;neg;parcours;collision;1-3 ans;tous_risques;2;faible;Auvergne-Rhône-Alpes;Téléphone;Je suis déçu";
"1570;2024-09-27;Android;Téléphone;neg;photo;collision;0-1 an;tiers;2;faible;Île-de-France;App;Très mécontent";
"1571;2024-09-07;iOS;Web;neg;photo;collision;3-10 ans;tiers;1;forte;PACA;Web;Je suis déçu";
"1578;2024-05-15;Android;App;neg;complexité;collision;0-1 an;tiers;1;faible;Bretagne;Téléphone;Très mécontent";
"1581;2024-09-27;Android;App;neg;photo;bris_de_glace;3-10 ans;tous_risques;1;faible;PACA;Agence;Très mécontent";
"1586;2024-07-16;iOS;Téléphone;neg;parcours;collision;3-10 ans;tous_risques;2;faible;Île-de-France;Web;Très mécontent";
"1587;2024-06-30;Web;Téléphone;neg;photo;collision;10+ ans;tous_risques;2;moyenne;PACA;Téléphone;Je suis déçu";
"1616;2024-09-26;Web;Web;neg;photo;catastrophe_naturelle;1-3 ans;tous_risques;2;moyenne;Bourgogne-Franche-Comté;App;Très mécontent";
"1630;2024-04-26;iOS;App;neg;parcours;incendie;3-10 ans;tous_risques;1;faible;Bretagne;App;Très mécontent";
"1633;2024-02-28;iOS;Téléphone;neg;photo;collision;3-10 ans;tiers;2;moyenne;Auvergne-Rhône-Alpes;Téléphone;Je suis déçu l'envoi des clichés échoue sur l'étape des justificatifs et je perds tout donc je perds un temps fou je vais réessayer plus.";
"1641;2024-05-16;Web;App;neg;photo;catastrophe_naturelle;1-3 ans;tous_risques;2;moyenne;Auvergne-Rhône-Alpes;Web;Très mécontent";
"1645;2024-05-19;Android;Web;neg;photo;catastrophe_naturelle;1-3 ans;tous_risques;2;faible;Pays de la Loire;Téléphone;Très mécontent";
"1652;2024-05-31;iOS;App;neg;photo;collision;10+ ans;pro;2;faible;Bourgogne-Franche-Comté;Web;Très mécontent";
"1665;2024-03-14;Android;App;neg;photo;collision;3-10 ans;tous_risques;1;faible;Grand Est;Web;Très mécontent";
"1666;2024-06-05;Android;Email;neg;photo;collision;10+ ans;tiers;1;faible;Hauts-de-France;App;Je suis déçu";
"1677;2024-11-09;iOS;App;neg;photo;collision;1-3 ans;tous_risques;1;moyenne;Grand Est;Web;Je suis déçu";
"1685;2024-02-05;Android;Téléphone;neg;photo;bris_de_glace;3-10 ans;tous_risques;1;moyenne;Île-de-France;Web;Très mécontent";
"1691;2024-11-28;iOS;Web;neg;complexité;bris_de_glace;1-3 ans;jeune_conducteur;1;moyenne;Auvergne-Rhône-Alpes;Email;Je suis déçu";
"1694;2024-08-06;iOS;App;neg;parcours;bris_de_glace;10+ ans;pro;1;moyenne;Occitanie;Web;Je suis déçu";
"1698;2024-08-11;Android;App;neg;parcours;catastrophe_naturelle;1-3 ans;jeune_conducteur;2;moyenne;Île-de-France;Téléphone;Je suis déçu";
"1703;2024-01-16;Android;App;neg;photo;collision;3-10 ans;tiers;2;moyenne;PACA;Web;Très mécontent";
"1720;2024-09-07;iOS;Web;neg;photo;collision;3-10 ans;tous_risques;1;faible;Occitanie;Web;Je suis déçu";
"1723;2024-05-22;Android;App;neg;complexité;bris_de_glace;1-3 ans;tous_risques;1;faible;Pays de la Loire;Web;Je suis déçu";
"1729;2024-05-07;Android;Web;neg;parcours;bris_de_glace;3-10 ans;jeune_conducteur;1;faible;Normandie;Web;Je suis déçu";
"1734;2024-07-03;iOS;App;neg;photo;collision;1-3 ans;tiers;1;moyenne;Normandie;Téléphone;Je suis déçu";
"1749;2024-05-07;Android;App;neg;photo;vol;0-1 an;jeune_conducteur;2;faible;Auvergne-Rhône-Alpes;Email;Très mécontent";
"1760;2024-12-29;Android;Web;neg;complexité;bris_de_glace;0-1 an;tous_risques;2;moyenne;Île-de-France;App;Je suis déçu";
"1762;2024-08-28;iOS;App;neg;parcours;bris_de_glace;0-1 an;tiers;1;faible;Île-de-France;Téléphone;Je suis déçu";
"1836;2024-02-17;iOS;Web;neg;parcours;bris_de_glace;1-3 ans;tous_risques;2;faible;PACA;Téléphone;Je suis déçu";
"1851;2024-11-23;iOS;Téléphone;neg;photo;collision;3-10 ans;tous_risques;2;faible;Nouvelle-Aquitaine;App;Très mécontent";
"1855;2024-01-14;iOS;App;neg;photo;collision;10+ ans;tous_risques;1;faible;Île-de-France;App;Très mécontent";
"1858;2024-03-06;iOS;App;neg;parcours;vol;3-10 ans;tiers;2;faible;Hauts-de-France;Téléphone;Très mécontent";
"1867;2024-02-07;iOS;App;neg;complexité;incendie;10+ ans;pro;1;faible;Île-de-France;Email;Très mécontent";
"1881;2024-07-31;Android;App;neg;photo;incendie;10+ ans;jeune_conducteur;2;forte;Île-de-France;App;Je suis déçu";
"1882;2024-09-28;Android;Téléphone;neg;parcours;collision;0-1 an;tous_risques;1;faible;Île-de-France;Agence;Très mécontent";
"1884;2024-09-28;iOS;App;neg;photo;collision;1-3 ans;tiers;1;faible;Hauts-de-France;Téléphone;Je suis déçu";
"1889;2024-07-13;Android;App;neg;photo;collision;0-1 an;tiers;2;faible;Pays de la Loire;App;Je suis déçu";
"1892;2024-08-29;Android;App;neg;parcours;incendie;3-10 ans;tous_risques;2;moyenne;PACA;App;Très mécontent";
"1895;2024-07-17;Android;Web;neg;photo;collision;1-3 ans;tiers;1;moyenne;Hauts-de-France;Téléphone;Je suis déçu";
"1910;2024-11-21;Android;Web;neg;photo;collision;1-3 ans;tous_risques;1;faible;Auvergne-Rhône-Alpes;Agence;Je suis déçu";
"1930;2024-05-07;Android;App;neg;photo;bris_de_glace;0-1 an;tiers;2;faible;Occitanie;Web;Je suis déçu";
"1937;2024-04-24;Android;Téléphone;neg;parcours;collision;3-10 ans;tous_risques;2;moyenne;Île-de-France;App;Très mécontent";
"1941;2024-08-09;iOS;Web;neg;photo;catastrophe_naturelle;1-3 ans;tiers;1;moyenne;Nouvelle-Aquitaine;Email;Très mécontent";
"1942;2024-11-17;iOS;Web;neg;photo;vol;3-10 ans;jeune_conducteur;2;moyenne;PACA;App;Je suis déçu";
"1948;2024-01-23;Android;Téléphone;neg;parcours;catastrophe_naturelle;3-10 ans;tous_risques;1;moyenne;Centre-Val de Loire;Web;Je suis déçu";
"1954;2024-07-26;iOS;Web;neg;photo;collision;0-1 an;tiers;1;faible;Grand Est;Téléphone;Très mécontent";
"1956;2024-07-19;Android;App;neg;photo;incendie;3-10 ans;tiers;1;moyenne;Occitanie;App;Très mécontent";
"1957;2024-05-25;Web;App;neg;parcours;collision;3-10 ans;tous_risques;2;faible;Île-de-France;App;Très mécontent";
"1983;2024-08-25;Android;Email;neg;parcours;collision;3-10 ans;tiers;2;faible;Hauts-de-France;Web;Très mécontent";
"1994;2024-09-17;Android;Web;neg;parcours;collision;0-1 an;tiers;2;faible;Bourgogne-Franche-Comté;Web;Très mécontent";
"2003;2024-08-25;Android;App;neg;photo;collision;3-10 ans;tous_risques;2;faible;Grand Est;App;Très mécontent";
"2014;2024-06-19;iOS;App;neg;complexité;incendie;3-10 ans;tiers;2;moyenne;PACA;App;Très mécontent";
"2038;2024-02-08;Android;App;neg;photo;bris_de_glace;10+ ans;jeune_conducteur;1;moyenne;Nouvelle-Aquitaine;App;Je suis déçu";
"2039;2024-09-08;Android;Web;neg;photo;bris_de_glace;10+ ans;tiers;1;moyenne;Normandie;App;Je suis déçu";
"2040;2024-06-08;Web;Web;neg;photo;collision;10+ ans;tous_risques;1;moyenne;Bourgogne-Franche-Comté;App;Je suis déçu";
"2046;2024-10-11;Web;App;neg;photo;vol;1-3 ans;tiers;2;moyenne;Île-de-France;App;Je suis déçu";
"2063;2024-10-06;Android;Web;neg;photo;collision;1-3 ans;tiers;1;faible;Normandie;Téléphone;Très mécontent";
"2067;2024-02-08;Android;App;neg;parcours;collision;3-10 ans;tiers;1;forte;Centre-Val de Loire;Téléphone;Très mécontent";
"2070;2024-08-17;iOS;Email;neg;photo;catastrophe_naturelle;3-10 ans;tiers;2;faible;Nouvelle-Aquitaine;Téléphone;Je suis déçu";
"2079;2024-04-09;Android;App;neg;parcours;bris_de_glace;3-10 ans;tous_risques;2;faible;Île-de-France;Téléphone;Très mécontent";
"2080;2024-08-02;Web;Téléphone;neg;photo;collision;3-10 ans;tous_risques;1;moyenne;Grand Est;Email;Je suis déçu";
"2084;2024-09-27;Android;Web;neg;parcours;catastrophe_naturelle;1-3 ans;tous_risques;2;faible;Hauts-de-France;Web;Très mécontent";
"2086;2024-02-02;Android;App;neg;parcours;bris_de_glace;1-3 ans;tiers;2;forte;Bretagne;App;Je suis déçu";
"2089;2024-09-27;Android;App;neg;photo;bris_de_glace;1-3 ans;tous_risques;1;faible;Auvergne-Rhône-Alpes;Téléphone;Très mécontent je ne peux pas joindre les images sur l'étape des justificatifs et je perds tout alors je perds un temps fou je vais.";
"2104;2024-08-27;Android;App;neg;photo;bris_de_glace;3-10 ans;tous_risques;2;moyenne;Île-de-France;Web;Je suis déçu la caméra ne s ouvre pas même en 4G malgré plusieurs essais donc je perds un temps fou j'espère que ça ira.";
"2118;2024-05-07;iOS;Web;neg;photo;bris_de_glace;10+ ans;tous_risques;1;moyenne;Pays de la Loire;Téléphone;Très mécontent";
"2120;2024-02-14;Android;Web;neg;photo;vol;10+ ans;tiers;1;faible;Île-de-France;Web;Très mécontent";
"2166;2024-12-17;Android;App;neg;photo;catastrophe_naturelle;1-3 ans;pro;2;moyenne;Nouvelle-Aquitaine;Téléphone;Très mécontent";
"2171;2024-05-15;Web;Web;neg;photo;collision;1-3 ans;jeune_conducteur;1;moyenne;Bretagne;App;Je suis déçu";
"2178;2024-10-03;Android;App;neg;photo;catastrophe_naturelle;1-3 ans;jeune_conducteur;2;moyenne;Auvergne-Rhône-Alpes;Téléphone;Je suis déçu";
"2181;2024-05-17;iOS;App;neg;parcours;collision;10+ ans;jeune_conducteur;2;forte;Île-de-France;Téléphone;Très mécontent";
"2217;2024-12-07;iOS;Web;neg;photo;incendie;10+ ans;tiers;1;moyenne;Auvergne-Rhône-Alpes;Email;Je suis déçu";
"2221;2024-11-11;iOS;App;neg;parcours;collision;1-3 ans;pro;2;faible;Grand Est;Web;Très mécontent";
"2234;2024-05-10;Android;Web;neg;photo;incendie;3-10 ans;tiers;2;moyenne;Île-de-France;Web;Je suis déçu";
"2243;2024-04-07;Android;App;neg;photo;collision;0-1 an;jeune_conducteur;2;faible;Grand Est;Téléphone;Je suis déçu";
"2270;2024-03-16;Android;App;neg;photo;collision;0-1 an;tous_risques;1;moyenne;Auvergne-Rhône-Alpes;Email;Je suis déçu";
"2275;2024-05-19;iOS;App;neg;photo;collision;1-3 ans;pro;1;moyenne;Pays de la Loire;Téléphone;Très mécontent";
"2276;2024-01-17;iOS;Web;neg;photo;bris_de_glace;0-1 an;tous_risques;1;faible;Île-de-France;App;Je suis déçu";
"2279;2024-06-26;Android;Web;neg;complexité;catastrophe_naturelle;3-10 ans;tous_risques;1;faible;Île-de-France;Email;Je suis déçu";
"2310;2024-10-13;iOS;Web;neg;photo;bris_de_glace;10+ ans;tiers;2;moyenne;Grand Est;Web;Très mécontent";
"2314;2024-06-17;Android;App;neg;complexité;collision;0-1 an;tiers;2;moyenne;Pays de la Loire;Agence;Je suis déçu";
"2323;2024-04-29;Android;App;neg;photo;incendie;10+ ans;tous_risques;2;moyenne;Hauts-de-France;Agence;Je suis déçu je ne peux pas joindre les images sur l'étape des justificatifs malgré plusieurs essais mais je perds un temps fou merci de.";
"2330;2024-01-26;Web;App;neg;photo;bris_de_glace;10+ ans;tous_risques;2;forte;Auvergne-Rhône-Alpes;Agence;Très mécontent";
"2332;2024-05-26;Android;Web;neg;photo;bris_de_glace;3-10 ans;tous_risques;2;faible;Pays de la Loire;App;Je suis déçu";
"2333;2024-10-16;iOS;App;neg;photo;collision;3-10 ans;tous_risques;1;moyenne;Grand Est;App;Je suis déçu";
"2335;2024-11-03;Web;App;neg;photo;catastrophe_naturelle;10+ ans;tous_risques;2;moyenne;Centre-Val de Loire;App;Je suis déçu";
"2346;2024-10-26;Web;Téléphone;neg;photo;bris_de_glace;10+ ans;tous_risques;2;forte;Occitanie;App;Très mécontent";
"2352;2024-11-07;Web;Web;neg;photo;bris_de_glace;3-10 ans;tiers;1;faible;Grand Est;Téléphone;Très mécontent";
"2357;2024-05-08;iOS;App;neg;complexité;collision;0-1 an;tous_risques;2;faible;Occitanie;Email;Je suis déçu";
"2363;2024-06-19;iOS;App;neg;parcours;collision;0-1 an;tous_risques;2;moyenne;Pays de la Loire;Téléphone;Je suis déçu";
"2373;2024-10-12;Android;App;neg;parcours;collision;1-3 ans;tiers;2;faible;Hauts-de-France;Email;Je suis déçu";
"2375;2024-11-02;iOS;Téléphone;neg;parcours;bris_de_glace;3-10 ans;tiers;2;faible;Île-de-France;App;Je suis déçu";
"2378;2024-10-08;Android;App;neg;photo;vol;1-3 ans;tiers;1;moyenne;PACA;App;Je suis déçu";
"2401;2024-12-28;Android;App;neg;photo;collision;10+ ans;tous_risques;2;faible;Auvergne-Rhône-Alpes;App;Très mécontent";
"2404;2024-04-03;Android;Agence;neg;photo;bris_de_glace;0-1 an;tous_risques;2;faible;Pays de la Loire;Web;Très mécontent";
"2412;2024-12-05;iOS;App;neg;photo;collision;3-10 ans;pro;2;forte;PACA;App;Très mécontent";
"2415;2024-03-16;Web;Web;neg;photo;collision;3-10 ans;tous_risques;2;moyenne;Occitanie;Téléphone;Je suis déçu";
"2421;2024-11-03;Android;Téléphone;neg;photo;collision;1-3 ans;jeune_conducteur;2;faible;PACA;Téléphone;Je suis déçu";
"2435;2024-02-19;Android;Téléphone;neg;photo;collision;1-3 ans;pro;2;moyenne;Auvergne-Rhône-Alpes;Téléphone;Je suis déçu";
"2438;2024-09-06;Android;App;neg;parcours;incendie;1-3 ans;tous_risques;1;moyenne;Auvergne-Rhône-Alpes;App;Très mécontent";
"2443;2024-10-31;iOS;App;neg;photo;catastrophe_naturelle;1-3 ans;tiers;1;faible;Île-de-France;Téléphone;Très mécontent";
"2448;2024-08-24;iOS;Web;neg;parcours;catastrophe_naturelle;1-3 ans;jeune_conducteur;1;faible;Île-de-France;Web;Très mécontent";
"2457;2024-08-07;Android;Email;neg;photo;bris_de_glace;3-10 ans;tous_risques;1;moyenne;Nouvelle-Aquitaine;Web;Très mécontent";
"2458;2024-11-26;Android;Téléphone;neg;parcours;vol;3-10 ans;tiers;1;faible;Bourgogne-Franche-Comté;App;Je suis déçu";
"2462;2024-05-10;Web;App;neg;photo;collision;3-10 ans;tiers;2;faible;Île-de-France;Agence;Très mécontent";
"2468;2024-12-16;Android;App;neg;photo;catastrophe_naturelle;1-3 ans;pro;2;faible;Pays de la Loire;Email;Je suis déçu";
"2473;2024-11-29;Android;App;neg;photo;collision;1-3 ans;tous_risques;2;faible;Normandie;Email;Je suis déçu";
"2475;2024-10-14;iOS;Téléphone;neg;photo;collision;3-10 ans;tiers;2;moyenne;Occitanie;Web;Très mécontent";
"2482;2024-03-13;Android;Web;neg;photo;collision;0-1 an;tiers;1;moyenne;Centre-Val de Loire;Email;Je suis déçu";
"2485;2024-06-12;iOS;Web;neg;photo;collision;0-1 an;tous_risques;2;moyenne;Île-de-France;App;Très mécontent";
"2487;2024-06-23;iOS;Web;neg;parcours;catastrophe_naturelle;3-10 ans;tiers;2;faible;Île-de-France;Téléphone;Très mécontent";
